{"files":["runebinder-riya-4p0lt.zipwp.link_wpvivid-821e6cbf8ee21_2025-03-30-20-56_backup_db.sql"],"tables":[{"name":"wp_suretriggers_webhook_requests","size":16384,"rows":"0"},{"name":"wp_actionscheduler_claims","size":32768,"rows":"0"},{"name":"wp_actionscheduler_groups","size":32768,"rows":"2"},{"name":"wp_e_events","size":32768,"rows":"8"},{"name":"wp_links","size":32768,"rows":"0"},{"name":"wp_term_relationships","size":32768,"rows":"9"},{"name":"wp_actionscheduler_logs","size":49152,"rows":"43"},{"name":"wp_commentmeta","size":49152,"rows":"0"},{"name":"wp_suremails_email_log","size":49152,"rows":"0"},{"name":"wp_term_taxonomy","size":49152,"rows":"4"},{"name":"wp_termmeta","size":49152,"rows":"0"},{"name":"wp_terms","size":49152,"rows":"4"},{"name":"wp_usermeta","size":49152,"rows":"18"},{"name":"wp_srfm_entries","size":65536,"rows":"0"},{"name":"wp_users","size":65536,"rows":"1"},{"name":"wp_comments","size":98304,"rows":"0"},{"name":"wp_actionscheduler_actions","size":131072,"rows":"15"},{"name":"wp_postmeta","size":245760,"rows":"409"},{"name":"wp_posts","size":278528,"rows":"87"},{"name":"wp_options","size":1622016,"rows":"254"}],"dump_db":1,"file_type":"databases","home_url":"https:\/\/runebinder-riya-4p0lt.zipwp.link","root_flag":"custom","php_version":"8.1.31","mysql_version":"10.11.11","wp_version":"6.7.2","find_zero_date":1,"file":"runebinder-riya-4p0lt.zipwp.link_wpvivid-821e6cbf8ee21_2025-03-30-20-56_backup_db.part001.zip"}